id,lemma,article,plural,pos,en,level,topic,has_audio,example_de,example_en
hallo,hallo,,,phrase,hello,A1.1,greetings,1,"Hallo, wie geht es dir?","Hello, how are you?"
tschuess,tschüss,,,phrase,bye,A1.1,greetings,1,"Tschüss, bis morgen!","Bye, see you tomorrow!"
guten-morgen,guten Morgen,,,phrase,good morning,A1.1,greetings,1,"Guten Morgen, Frau Müller.","Good morning, Mrs Müller."
guten-tag,guten Tag,,,phrase,good day / hello,A1.1,greetings,1,"Guten Tag, ich heiße Anna.","Hello, my name is Anna."
guten-abend,guten Abend,,,phrase,good evening,A1.1,greetings,1,"Guten Abend, kommen Sie herein.","Good evening, do come in."
gute-nacht,gute Nacht,,,phrase,good night,A1.1,greetings,0,"Gute Nacht, schlaf gut.","Good night, sleep well."
danke,danke,,,phrase,thank you,A1.1,greetings,1,Danke für das Buch.,Thank you for the book.
bitte,bitte,,,phrase,please / you're welcome,A1.1,greetings,1,"Einen Kaffee, bitte.","A coffee, please."
ja,ja,,,adv,yes,A1.1,basics,1,"Ja, das ist richtig.","Yes, that is correct."
nein,nein,,,adv,no,A1.1,basics,1,"Nein, das ist falsch.","No, that is wrong."
nicht,nicht,,,adv,not,A1.1,basics,1,Ich arbeite heute nicht.,I am not working today.
vielleicht,vielleicht,,,adv,maybe,A1.1,basics,1,Vielleicht komme ich morgen.,Maybe I will come tomorrow.
entschuldigung,Entschuldigung,die,Entschuldigungen,noun,excuse me / apology,A1.1,greetings,1,"Entschuldigung, wo ist der Bahnhof?","Excuse me, where is the station?"
ich,ich,,,pron,I,A1.1,pronouns,1,Ich bin Student.,I am a student.
du,du,,,pron,you (informal),A1.1,pronouns,1,Du bist sehr nett.,You are very kind.
er,er,,,pron,he,A1.1,pronouns,1,Er kommt aus Berlin.,He comes from Berlin.
sie-she,sie,,,pron,she / they,A1.1,pronouns,1,Sie wohnt in Wien.,She lives in Vienna.
es,es,,,pron,it,A1.1,pronouns,1,Es ist sehr gut.,It is very good.
wir,wir,,,pron,we,A1.1,pronouns,1,Wir lernen Deutsch.,We are learning German.
ihr,ihr,,,pron,you (plural informal),A1.1,pronouns,1,Ihr seid meine Freunde.,You are my friends.
sie-formal,Sie,,,pron,you (formal),A1.1,pronouns,1,Woher kommen Sie?,Where do you come from?
sein,sein,,,verb,to be,A1.1,core-verbs,1,Ich bin müde.,I am tired.
haben,haben,,,verb,to have,A1.1,core-verbs,1,Ich habe zwei Brüder.,I have two brothers.
heissen,heißen,,,verb,to be called,A1.1,core-verbs,1,Wie heißt du?,What is your name?
kommen,kommen,,,verb,to come,A1.1,core-verbs,1,Ich komme aus Indien.,I come from India.
wohnen,wohnen,,,verb,to live / reside,A1.1,core-verbs,1,Wir wohnen in Berlin.,We live in Berlin.
sprechen,sprechen,,,verb,to speak,A1.1,core-verbs,1,Sprichst du Deutsch?,Do you speak German?
gehen,gehen,,,verb,to go,A1.1,core-verbs,1,Ich gehe nach Hause.,I am going home.
machen,machen,,,verb,to do / make,A1.1,core-verbs,1,Was machst du heute?,What are you doing today?
arbeiten,arbeiten,,,verb,to work,A1.1,core-verbs,1,Er arbeitet sehr viel.,He works a lot.
lernen,lernen,,,verb,to learn,A1.1,core-verbs,1,Wir lernen jeden Tag.,We learn every day.
verstehen,verstehen,,,verb,to understand,A1.1,core-verbs,1,Ich verstehe das nicht.,I do not understand that.
essen,essen,,,verb,to eat,A1.1,food,1,Ich esse einen Apfel.,I am eating an apple.
trinken,trinken,,,verb,to drink,A1.1,food,1,Trinkst du Kaffee?,Do you drink coffee?
kaufen,kaufen,,,verb,to buy,A1.1,shopping,1,Wir kaufen ein Auto.,We are buying a car.
kosten,kosten,,,verb,to cost,A1.1,shopping,1,Was kostet das Brot?,What does the bread cost?
wer,wer,,,pron,who,A1.1,questions,1,Wer ist das?,Who is that?
was,was,,,pron,what,A1.1,questions,1,Was ist das?,What is that?
wo,wo,,,adv,where,A1.1,questions,1,Wo wohnst du?,Where do you live?
wann,wann,,,adv,when,A1.1,questions,1,Wann kommt der Bus?,When does the bus come?
wie,wie,,,adv,how,A1.1,questions,1,Wie heißen Sie?,What is your name?
warum,warum,,,adv,why,A1.1,questions,1,Warum lernst du Deutsch?,Why are you learning German?
woher,woher,,,adv,from where,A1.1,questions,1,Woher kommst du?,Where do you come from?
wohin,wohin,,,adv,to where,A1.1,questions,1,Wohin gehst du?,Where are you going?
wie-viel,wie viel,,,phrase,how much,A1.1,questions,1,Wie viel kostet das?,How much does that cost?
name,Name,der,Namen,noun,name,A1.1,personal,1,Mein Name ist Anna.,My name is Anna.
mann,Mann,der,Männer,noun,man,A1.1,family,1,Der Mann ist sehr alt.,The man is very old.
frau,Frau,die,Frauen,noun,woman / Mrs,A1.1,family,1,Die Frau kommt aus Köln.,The woman comes from Cologne.
kind,Kind,das,Kinder,noun,child,A1.1,family,1,Das Kind ist noch klein.,The child is still small.
mutter,Mutter,die,Mütter,noun,mother,A1.1,family,1,Meine Mutter wohnt hier.,My mother lives here.
vater,Vater,der,Väter,noun,father,A1.1,family,1,Mein Vater arbeitet viel.,My father works a lot.
eltern,Eltern,die,Eltern,noun,parents,A1.1,family,1,Meine Eltern sind nett.,My parents are nice.
bruder,Bruder,der,Brüder,noun,brother,A1.1,family,1,Ich habe einen Bruder.,I have a brother.
schwester,Schwester,die,Schwestern,noun,sister,A1.1,family,1,Meine Schwester ist Ärztin.,My sister is a doctor.
freund,Freund,der,Freunde,noun,friend,A1.1,family,1,Er ist mein Freund.,He is my friend.
familie,Familie,die,Familien,noun,family,A1.1,family,1,Meine Familie ist groß.,My family is big.
haus,Haus,das,Häuser,noun,house,A1.1,home,1,Das Haus ist sehr alt.,The house is very old.
wohnung,Wohnung,die,Wohnungen,noun,flat / apartment,A1.1,home,1,Die Wohnung ist klein.,The flat is small.
zimmer,Zimmer,das,Zimmer,noun,room,A1.1,home,1,Das Zimmer ist schön.,The room is beautiful.
tisch,Tisch,der,Tische,noun,table,A1.1,home,1,Der Tisch ist neu.,The table is new.
stuhl,Stuhl,der,Stühle,noun,chair,A1.1,home,1,Der Stuhl ist kaputt.,The chair is broken.
tuer,Tür,die,Türen,noun,door,A1.1,home,1,Die Tür ist offen.,The door is open.
fenster,Fenster,das,Fenster,noun,window,A1.1,home,1,Das Fenster ist groß.,The window is big.
bett,Bett,das,Betten,noun,bed,A1.1,home,1,Das Bett ist sehr bequem.,The bed is very comfortable.
kueche,Küche,die,Küchen,noun,kitchen,A1.1,home,1,Die Küche ist klein.,The kitchen is small.
wasser,Wasser,das,Wässer,noun,water,A1.1,food,1,Ich trinke Wasser.,I drink water.
brot,Brot,das,Brote,noun,bread,A1.1,food,1,Das Brot ist frisch.,The bread is fresh.
apfel,Apfel,der,Äpfel,noun,apple,A1.1,food,1,Der Apfel ist rot.,The apple is red.
kaffee,Kaffee,der,Kaffees,noun,coffee,A1.1,food,1,Ich trinke gern Kaffee.,I like drinking coffee.
tee,Tee,der,Tees,noun,tea,A1.1,food,1,Möchtest du Tee?,Would you like tea?
milch,Milch,die,,noun,milk,A1.1,food,1,Die Milch ist kalt.,The milk is cold.
bier,Bier,das,Biere,noun,beer,A1.1,food,1,Das Bier ist sehr gut.,The beer is very good.
kaese,Käse,der,Käse,noun,cheese,A1.1,food,1,Der Käse kommt aus Frankreich.,The cheese comes from France.
ei,Ei,das,Eier,noun,egg,A1.1,food,1,Ich esse ein Ei.,I am eating an egg.
fleisch,Fleisch,das,,noun,meat,A1.1,food,1,Ich esse kein Fleisch.,I do not eat meat.
obst,Obst,das,,noun,fruit,A1.1,food,1,Obst ist sehr gesund.,Fruit is very healthy.
gemuese,Gemüse,das,,noun,vegetables,A1.1,food,1,Wir kaufen Gemüse.,We are buying vegetables.
null,null,,,num,zero,A1.1,numbers,1,,
eins,eins,,,num,one,A1.1,numbers,1,Ich habe eins.,I have one.
zwei,zwei,,,num,two,A1.1,numbers,1,Ich habe zwei Kinder.,I have two children.
drei,drei,,,num,three,A1.1,numbers,1,Das kostet drei Euro.,That costs three euros.
vier,vier,,,num,four,A1.1,numbers,1,,
fuenf,fünf,,,num,five,A1.1,numbers,1,,
sechs,sechs,,,num,six,A1.1,numbers,1,,
sieben,sieben,,,num,seven,A1.1,numbers,1,,
acht,acht,,,num,eight,A1.1,numbers,1,,
neun,neun,,,num,nine,A1.1,numbers,1,,
zehn,zehn,,,num,ten,A1.1,numbers,1,Der Bus kommt in zehn Minuten.,The bus comes in ten minutes.
zwanzig,zwanzig,,,num,twenty,A1.1,numbers,1,,
hundert,hundert,,,num,hundred,A1.1,numbers,1,Das Buch kostet hundert Euro.,The book costs a hundred euros.
montag,Montag,der,Montage,noun,Monday,A1.1,time,1,Am Montag arbeite ich.,On Monday I work.
dienstag,Dienstag,der,Dienstage,noun,Tuesday,A1.1,time,1,Der Dienstag ist frei.,Tuesday is free.
mittwoch,Mittwoch,der,Mittwoche,noun,Wednesday,A1.1,time,1,Am Mittwoch lerne ich Deutsch.,On Wednesday I learn German.
donnerstag,Donnerstag,der,Donnerstage,noun,Thursday,A1.1,time,1,Der Donnerstag ist lang.,Thursday is long.
freitag,Freitag,der,Freitage,noun,Friday,A1.1,time,1,Am Freitag gehe ich nach Hause.,On Friday I go home.
samstag,Samstag,der,Samstage,noun,Saturday,A1.1,time,1,Am Samstag kaufe ich Obst.,On Saturday I buy fruit.
sonntag,Sonntag,der,Sonntage,noun,Sunday,A1.1,time,1,Der Sonntag ist ruhig.,Sunday is quiet.
tag,Tag,der,Tage,noun,day,A1.1,time,1,Der Tag ist sehr lang.,The day is very long.
woche,Woche,die,Wochen,noun,week,A1.1,time,1,Die Woche ist kurz.,The week is short.
monat,Monat,der,Monate,noun,month,A1.1,time,1,Der Monat ist fast vorbei.,The month is almost over.
jahr,Jahr,das,Jahre,noun,year,A1.1,time,1,Das Jahr ist neu.,The year is new.
stunde,Stunde,die,Stunden,noun,hour,A1.1,time,1,Ich lerne eine Stunde.,I study for an hour.
heute,heute,,,adv,today,A1.1,time,1,Heute arbeite ich nicht.,Today I am not working.
morgen,morgen,,,adv,tomorrow,A1.1,time,1,Morgen gehe ich zur Schule.,Tomorrow I go to school.
gestern,gestern,,,adv,yesterday,A1.1,time,1,Gestern war ich müde.,Yesterday I was tired.
jetzt,jetzt,,,adv,now,A1.1,time,1,Jetzt lerne ich Deutsch.,Now I am learning German.
immer,immer,,,adv,always,A1.1,time,1,Er kommt immer zu spät.,He is always late.
oft,oft,,,adv,often,A1.1,time,1,Ich trinke oft Tee.,I often drink tea.
nie,nie,,,adv,never,A1.1,time,1,Ich esse nie Fleisch.,I never eat meat.
gut,gut,,,adj,good,A1.1,adjectives,1,Das Essen ist sehr gut.,The food is very good.
schlecht,schlecht,,,adj,bad,A1.1,adjectives,1,Das Wetter ist schlecht.,The weather is bad.
gross,groß,,,adj,big / tall,A1.1,adjectives,1,Die Stadt ist sehr groß.,The city is very big.
klein,klein,,,adj,small,A1.1,adjectives,1,Das Zimmer ist klein.,The room is small.
neu,neu,,,adj,new,A1.1,adjectives,1,Mein Auto ist neu.,My car is new.
alt,alt,,,adj,old,A1.1,adjectives,1,Das Haus ist sehr alt.,The house is very old.
schoen,schön,,,adj,beautiful / nice,A1.1,adjectives,1,Die Wohnung ist schön.,The flat is beautiful.
teuer,teuer,,,adj,expensive,A1.1,adjectives,1,Das Buch ist zu teuer.,The book is too expensive.
billig,billig,,,adj,cheap,A1.1,adjectives,1,Das Brot ist billig.,The bread is cheap.
richtig,richtig,,,adj,correct,A1.1,adjectives,1,Das ist nicht richtig.,That is not correct.
falsch,falsch,,,adj,wrong,A1.1,adjectives,1,Die Antwort ist falsch.,The answer is wrong.
muede,müde,,,adj,tired,A1.1,adjectives,1,Ich bin sehr müde.,I am very tired.
deutschland,Deutschland,das,,noun,Germany,A1.1,places,1,Deutschland ist schön.,Germany is beautiful.
stadt,Stadt,die,Städte,noun,city,A1.1,places,1,Die Stadt ist groß.,The city is big.
land,Land,das,Länder,noun,country,A1.1,places,1,Das Land ist sehr klein.,The country is very small.
strasse,Straße,die,Straßen,noun,street,A1.1,places,1,Die Straße ist lang.,The street is long.
bahnhof,Bahnhof,der,Bahnhöfe,noun,train station,A1.1,places,1,Wo ist der Bahnhof?,Where is the station?
schule,Schule,die,Schulen,noun,school,A1.1,places,1,Die Schule ist neu.,The school is new.
arbeit,Arbeit,die,Arbeiten,noun,work,A1.1,places,1,Die Arbeit ist schwer.,The work is hard.
buch,Buch,das,Bücher,noun,book,A1.1,objects,1,Das Buch ist interessant.,The book is interesting.
geld,Geld,das,Gelder,noun,money,A1.1,objects,1,Ich habe kein Geld.,I have no money.
auto,Auto,das,Autos,noun,car,A1.1,objects,1,Das Auto ist teuer.,The car is expensive.
und,und,,,conj,and,A1.1,connectors,1,Ich lerne und arbeite.,I study and work.
oder,oder,,,conj,or,A1.1,connectors,1,Tee oder Kaffee?,Tea or coffee?
aber,aber,,,conj,but,A1.1,connectors,1,"Es ist klein, aber schön.",It is small but beautiful.
weil,weil,,,conj,because,A1.1,connectors,1,"Ich lerne, weil es wichtig ist.",I study because it is important.
auch,auch,,,adv,also,A1.1,connectors,1,Ich komme auch mit.,I am coming too.
sehr,sehr,,,adv,very,A1.1,connectors,1,Das ist sehr gut.,That is very good.
in,in,,,prep,in,A1.1,prepositions,1,Ich wohne in Berlin.,I live in Berlin.
auf,auf,,,prep,on,A1.1,prepositions,1,Das Buch ist auf dem Tisch.,The book is on the table.
mit,mit,,,prep,with,A1.1,prepositions,1,Ich komme mit dem Bus.,I come by bus.
aus,aus,,,prep,from / out of,A1.1,prepositions,1,Ich komme aus Indien.,I come from India.
zu,zu,,,prep,to,A1.1,prepositions,1,Ich gehe zu meinem Freund.,I am going to my friend.
fuer,für,,,prep,for,A1.1,prepositions,1,Das ist für dich.,That is for you.
ohne,ohne,,,prep,without,A1.1,prepositions,1,Ich trinke Tee ohne Milch.,I drink tea without milk.
bei,bei,,,prep,at / near,A1.1,prepositions,1,Ich wohne bei meinen Eltern.,I live with my parents.
antwort,Antwort,die,Antworten,noun,answer,A2.1,,1,,
person,Person,die,Personen,noun,person,A1.2,,1,,
arzt,Arzt,der,Ärzte,noun,doctor,A2.1,,1,,
leute,Leute,,Leute,noun,people,A1.2,,1,,
bahn,Bahn,die,Bahnen,noun,path,A2.1,,1,,
herr,Herr,der,Herren,noun,gentleman,A1.2,,1,,
bild,Bild,das,Bilder,noun,picture,A2.1,,1,,
junge,Junge,der,Jungen,noun,boy,A1.2,,1,,
brief,Brief,der,Briefe,noun,letter,A2.1,,1,,
maedchen,Mädchen,das,Mädchen,noun,girl,A1.2,,1,,
sohn,Sohn,der,Söhne,noun,son,A1.2,,1,,
ende,Ende,das,Enden,noun,end,A2.1,,1,,
tochter,Tochter,die,Töchter,noun,daughter,A1.2,,1,,
frage,Frage,die,Fragen,noun,question,A2.1,,1,,
oma,Oma,die,Omas,noun,grandmother,A1.2,,1,,
geschichte,Geschichte,die,Geschichten,noun,history,A2.1,,1,,
opa,Opa,der,Opas,noun,grandad,A1.2,,1,,
gespraech,Gespräch,das,Gespräche,noun,conversation,A2.1,,1,,
tante,Tante,die,Tanten,noun,aunt,A1.2,,1,,
gesundheit,Gesundheit,die,,noun,health,A2.1,,1,,
onkel,Onkel,der,Onkel,noun,uncle,A1.2,,1,,
krankenhaus,Krankenhaus,das,Krankenhäuser,noun,hospital,A1.2,,1,,
nachbar,Nachbar,der,Nachbarn,noun,neighbour,A1.2,,1,,
leben,leben,,,verb,live,A1.2,,1,,
kollege,Kollege,der,Kollegen,noun,colleague,A1.2,,1,,
meinung,Meinung,die,Meinungen,noun,opinion,A2.1,,1,,
chef,Chef,der,Chefs,noun,boss,A1.2,,1,,
mensch,Mensch,der,Menschen,noun,human being,A2.1,,1,,
lehrer,Lehrer,der,Lehrer,noun,teacher,A1.2,,1,,
moeglichkeit,Möglichkeit,die,Möglichkeiten,noun,option,A2.1,,1,,
student,Student,der,Studenten,noun,student,A1.2,,1,,
nachricht,Nachricht,die,Nachrichten,noun,news,A2.1,,1,,
schueler,Schüler,der,Schüler,noun,pupil,A1.2,,1,,
problem,Problem,das,Probleme,noun,problem,A2.1,,1,,
kellner,Kellner,der,Kellner,noun,waiter,A1.2,,1,,
reise,Reise,die,Reisen,noun,travel,A1.2,,1,,
verkaeufer,Verkäufer,der,Verkäufer,noun,seller,A1.2,,1,,
termin,Termin,der,Termine,noun,date,A1.2,,1,,
jung,jung,,,adj,young,A1.2,,1,,
wetter,Wetter,das,Wetter,noun,weather,A1.2,,1,,
freundlich,freundlich,,,adj,friendly,A1.2,,1,,
nett,nett,,,adj,nice,A1.2,,1,,
zeitung,Zeitung,die,Zeitungen,noun,paper,A2.1,,1,,
lustig,lustig,,,adj,funny,A1.2,,1,,
zukunft,Zukunft,die,Zukünfte,noun,future,A2.1,,1,,
traurig,traurig,,,adj,sad,A1.2,,1,,
antworten,antworten,,,verb,answer,A1.2,,1,,
gluecklich,glücklich,,,adj,lucky,A1.2,,1,,
beginnen,beginnen,,,verb,begin,A1.2,,1,,
krank,krank,,,adj,ill,A1.2,,1,,
bekommen,bekommen,,,verb,get,A2.1,,1,,
gesund,gesund,,,adj,well,A1.2,,1,,
bestellen,bestellen,,,verb,order,A2.1,,1,,
ledig,ledig,,,adj,single,A1.2,,1,,
besuchen,besuchen,,,verb,visit,A1.2,,1,,
verheiratet,verheiratet,,,adj,married,A1.2,,1,,
bezahlen,bezahlen,,,verb,pay,A1.2,,1,,
kopf,Kopf,der,Köpfe,noun,head,A1.2,,1,,
bleiben,bleiben,,,verb,stay,A1.2,,1,,
auge,Auge,das,Augen,noun,eye,A1.2,,1,,
brauchen,brauchen,,,verb,need,A1.2,,1,,
ohr,Ohr,das,Ohren,noun,hearing,A1.2,,1,,
bringen,bringen,,,verb,bring,A1.2,,1,,
nase,Nase,die,Nasen,noun,nose,A1.2,,1,,
denken,denken,,,verb,think,A1.2,,1,,
mund,Mund,der,Münder,noun,mouth,A1.2,,1,,
erklaeren,erklären,,,verb,explain,A1.2,,1,,
hand,Hand,die,Hände,noun,hand,A1.2,,1,,
fahren,fahren,,,verb,cart,A1.2,,1,,
arm,Arm,der,Arme,noun,arm,A1.2,,1,,
finden,finden,,,verb,find,A1.2,,1,,
bein,Bein,das,Beine,noun,bone,A1.2,,1,,
geben,geben,,,verb,give,A1.2,,1,,
fuss,Fuß,der,Füße,noun,foot,A1.2,,1,,
glauben,glauben,,,verb,believe in,A1.2,,1,,
bauch,Bauch,der,Bäuche,noun,womb,A1.2,,1,,
helfen,helfen,,,verb,help,A1.2,,1,,
ruecken,Rücken,der,Rücken,noun,back,A1.2,,1,,
hoeren,hören,,,verb,hear,A1.2,,1,,
zahn,Zahn,der,Zähne,noun,tooth,A1.2,,1,,
kennen,kennen,,,verb,know,A2.1,,1,,
haar,Haar,das,Haare,noun,hair,A1.2,,1,,
lesen,lesen,,,verb,read,A1.2,,1,,
schmerz,Schmerz,der,Schmerzen,noun,ache,A1.2,,1,,
liegen,liegen,,,verb,lie,A1.2,,1,,
fieber,Fieber,das,Fieber,noun,fever,A1.2,,1,,
nehmen,nehmen,,,verb,seize,A1.2,,1,,
apotheke,Apotheke,die,Apotheken,noun,chemist's,A1.2,,1,,
schreiben,schreiben,,,verb,write,A1.2,,1,,
medikament,Medikament,das,Medikamente,noun,drug,A1.2,,1,,
sehen,sehen,,,verb,say,A1.2,,1,,
weh,weh,,,adj,woebegone,A1.2,,1,,
suchen,suchen,,,verb,search,A1.2,,1,,
wohnzimmer,Wohnzimmer,das,Wohnzimmer,noun,living room,A1.2,,1,,
treffen,treffen,,,verb,meet,A1.2,,1,,
schlafzimmer,Schlafzimmer,das,Schlafzimmer,noun,bedroom,A1.2,,1,,
warten,warten,,,verb,wait,A1.2,,1,,
badezimmer,Badezimmer,das,Badezimmer,noun,bathroom,A1.2,,1,,
wissen,wissen,,,verb,know,A1.2,,1,,
balkon,Balkon,der,Balkons,noun,balcony,A1.2,,1,,
garten,Garten,der,Gärten,noun,yard,A1.2,,1,,
keller,Keller,der,Keller,noun,basement,A1.2,,1,,
treppe,Treppe,die,Treppen,noun,staircase,A1.2,,1,,
schrank,Schrank,der,Schränke,noun,cupboard,A1.2,,1,,
sofa,Sofa,das,Sofas,noun,sofa,A1.2,,1,,
lampe,Lampe,die,Lampen,noun,lamp,A1.2,,1,,
teppich,Teppich,der,Teppiche,noun,carpet,A1.2,,1,,
spiegel,Spiegel,der,Spiegel,noun,mirror,A1.2,,1,,
kuehlschrank,Kühlschrank,der,Kühlschränke,noun,refrigerator,A1.2,,1,,
herd,Herd,der,Herde,noun,hearth,A1.2,,1,,
waschmaschine,Waschmaschine,die,Waschmaschinen,noun,washing machine,A1.2,,1,,
handy,Handy,das,Handys,noun,handheld two-way radio,A1.2,,1,,
computer,Computer,der,Computer,noun,computer,A1.2,,1,,
fernseher,Fernseher,der,Fernseher,noun,television,A1.2,,1,,
uhr,Uhr,die,Uhren,noun,clock,A1.2,,1,,
schluessel,Schlüssel,der,Schlüssel,noun,key,A1.2,,1,,
tasche,Tasche,die,Taschen,noun,pocket,A1.2,,1,,
brille,Brille,die,Brillen,noun,glasses,A1.2,,1,,
foto,Foto,das,Fotos,noun,photo,A1.2,,1,,
papier,Papier,das,Papiere,noun,paper,A1.2,,1,,
stift,Stift,der,Stifte,noun,pivot,A1.2,,1,,
zettel,Zettel,der,Zettel,noun,slip of paper,A1.2,,1,,
fruehstueck,Frühstück,das,Frühstücke,noun,breakfast,A1.2,,1,,
mittagessen,Mittagessen,das,Mittagessen,noun,lunch,A1.2,,1,,
abendessen,Abendessen,das,Abendessen,noun,supper,A1.2,,1,,
suppe,Suppe,die,Suppen,noun,soup,A1.2,,1,,
salat,Salat,der,Salate,noun,lettuce,A1.2,,1,,
reis,Reis,der,Reise,noun,rice,A1.2,,1,,
kartoffel,Kartoffel,die,Kartoffeln,noun,potato,A1.2,,1,,
tomate,Tomate,die,Tomaten,noun,tomato,A1.2,,1,,
zwiebel,Zwiebel,die,Zwiebeln,noun,onion,A1.2,,1,,
butter,Butter,die,,noun,butter,A1.2,,1,,
zucker,Zucker,der,Zucker,noun,sugar,A1.2,,1,,
salz,Salz,das,Salze,noun,salt,A1.2,,1,,
pfeffer,Pfeffer,der,Pfeffer,noun,pepper,A1.2,,1,,
oel,Öl,das,Öle,noun,oil,A1.2,,1,,
kuchen,Kuchen,der,Kuchen,noun,cake,A1.2,,1,,
schokolade,Schokolade,die,Schokoladen,noun,chocolate,A1.2,,1,,
eis,Eis,das,,noun,ice,A1.2,,1,,
saft,Saft,der,Säfte,noun,juice,A1.2,,1,,
wein,Wein,der,Weine,noun,vine,A1.2,,1,,
flasche,Flasche,die,Flaschen,noun,bottle,A1.2,,1,,
glas,Glas,das,Gläser,noun,glass,A1.2,,1,,
teller,Teller,der,Teller,noun,plate,A1.2,,1,,
messer,Messer,das,Messer,noun,knife,A1.2,,1,,
gabel,Gabel,die,Gabeln,noun,fork,A1.2,,1,,
loeffel,Löffel,der,Löffel,noun,spoon,A1.2,,1,,
tasse,Tasse,die,Tassen,noun,cup,A1.2,,1,,
hungrig,hungrig,,,adj,hungry,A1.2,,1,,
durstig,durstig,,,adj,thirsty,A1.2,,1,,
lecker,lecker,,,adj,delicious,A1.2,,1,,
suess,süß,,,adj,sweet,A1.2,,1,,
sauer,sauer,,,adj,sour,A1.2,,1,,
kleidung,Kleidung,die,Kleidungen,noun,clothing,A1.2,,1,,
hose,Hose,die,Hosen,noun,hose,A1.2,,1,,
hemd,Hemd,das,Hemden,noun,shirt,A1.2,,1,,
kleid,Kleid,das,Kleider,noun,dress,A1.2,,1,,
rock,Rock,der,Röcke,noun,skirt,A1.2,,1,,
jacke,Jacke,die,Jacken,noun,jacket,A1.2,,1,,
mantel,Mantel,der,Mäntel,noun,coat,A1.2,,1,,
pullover,Pullover,der,Pullover,noun,pullover,A1.2,,1,,
schuh,Schuh,der,Schuhe,noun,shoe,A1.2,,1,,
socke,Socke,die,Socken,noun,sock,A1.2,,1,,
hut,Hut,der,Hüte,noun,hat,A1.2,,1,,
tragen,tragen,,,verb,draw,A1.2,,1,,
anziehen,anziehen,,,verb,put on,A1.2,,1,,
dorf,Dorf,das,Dörfer,noun,village,A1.2,,1,,
platz,Platz,der,Plätze,noun,circus,A1.2,,1,,
park,Park,der,Parks,noun,park,A1.2,,1,,
markt,Markt,der,Märkte,noun,market,A1.2,,1,,
geschaeft,Geschäft,das,Geschäfte,noun,business,A1.2,,1,,
supermarkt,Supermarkt,der,Supermärkte,noun,supermarket,A1.2,,1,,
baeckerei,Bäckerei,die,Bäckereien,noun,bakery,A1.2,,1,,
restaurant,Restaurant,das,Restaurants,noun,restaurant,A1.2,,1,,
hotel,Hotel,das,Hotels,noun,hotel,A1.2,,1,,
kino,Kino,das,Kinos,noun,cinema,A1.2,,1,,
museum,Museum,das,Museen,noun,museum,A1.2,,1,,
kirche,Kirche,die,Kirchen,noun,church,A1.2,,1,,
post,Post,die,Posten,noun,mail,A1.2,,1,,
bank,Bank,die,Bänke,noun,bench,A1.2,,1,,
polizei,Polizei,die,Polizeien,noun,police,A1.2,,1,,
flughafen,Flughafen,der,Flughäfen,noun,airport,A1.2,,1,,
haltestelle,Haltestelle,die,Haltestellen,noun,stop,A1.2,,1,,
bus,Bus,der,Busse,noun,bus,A1.2,,1,,
zug,Zug,der,Züge,noun,train,A1.2,,1,,
fahrrad,Fahrrad,das,Fahrräder,noun,bicycle,A1.2,,1,,
taxi,Taxi,das,Taxis,noun,taxi,A1.2,,1,,
ticket,Ticket,das,Tickets,noun,ticket,A1.2,,1,,
koffer,Koffer,der,Koffer,noun,suitcase,A1.2,,1,,
urlaub,Urlaub,der,Urlaube,noun,holiday,A1.2,,1,,
fliegen,fliegen,,,verb,fly,A1.2,,1,,
laufen,laufen,,,verb,run,A1.2,,1,,
ankommen,ankommen,,,verb,arrive,A1.2,,1,,
abfahren,abfahren,,,verb,depart,A1.2,,1,,
minute,Minute,die,Minuten,noun,minute,A1.2,,1,,
sekunde,Sekunde,die,Sekunden,noun,second,A1.2,,1,,
uhrzeit,Uhrzeit,die,Uhrzeiten,noun,time,A1.2,,1,,
mittag,Mittag,der,Mittage,noun,midday,A1.2,,1,,
nachmittag,Nachmittag,der,Nachmittage,noun,afternoon,A1.2,,1,,
abend,Abend,der,Abende,noun,evening,A1.2,,1,,
nacht,Nacht,die,Nächte,noun,night,A1.2,,1,,
wochenende,Wochenende,das,Wochenenden,noun,weekend,A1.2,,1,,
geburtstag,Geburtstag,der,Geburtstage,noun,birthday,A1.2,,1,,
datum,Datum,das,Daten,noun,date,A1.2,,1,,
fruehling,Frühling,der,Frühlinge,noun,spring,A1.2,,1,,
sommer,Sommer,der,Sommer,noun,summer,A1.2,,1,,
herbst,Herbst,der,Herbste,noun,autumn,A1.2,,1,,
winter,Winter,der,Winter,noun,winter,A1.2,,1,,
frueh,früh,,,adj,early,A1.2,,1,,
spaet,spät,,,adj,late,A1.2,,1,,
lange,lange,,,adj,long,A1.2,,1,,
kurz,kurz,,,adj,short,A1.2,,1,,
vorgestern,vorgestern,,,other,the day before yesterday,A1.2,,1,,
uebermorgen,übermorgen,,,other,day after tomorrow,A1.2,,1,,
sonne,Sonne,die,Sonnen,noun,sun,A1.2,,1,,
regen,Regen,der,Regen,noun,rain,A1.2,,1,,
schnee,Schnee,der,,noun,snow,A1.2,,1,,
wind,Wind,der,Winde,noun,wind,A1.2,,1,,
wolke,Wolke,die,Wolken,noun,cloud,A1.2,,1,,
himmel,Himmel,der,Himmel,noun,sky,A1.2,,1,,
baum,Baum,der,Bäume,noun,tree,A1.2,,1,,
blume,Blume,die,Blumen,noun,flower,A1.2,,1,,
meer,Meer,das,Meere,noun,sea,A1.2,,1,,
berg,Berg,der,Berge,noun,mountain,A1.2,,1,,
tier,Tier,das,Tiere,noun,deer,A1.2,,1,,
hund,Hund,der,Hunde,noun,dog,A1.2,,1,,
katze,Katze,die,Katzen,noun,cat,A1.2,,1,,
vogel,Vogel,der,Vögel,noun,bird,A1.2,,1,,
warm,warm,,,adj,warm,A1.2,,1,,
kalt,kalt,,,adj,cold,A1.2,,1,,
heiss,heiß,,,adj,hot,A1.2,,1,,
nass,nass,,,adj,wet,A1.2,,1,,
trocken,trocken,,,adj,dry,A1.2,,1,,
sagen,sagen,,,verb,say,A1.2,,1,,
fragen,fragen,,,verb,ask,A1.2,,1,,
schauen,schauen,,,verb,look,A1.2,,1,,
ueben,üben,,,verb,exercise,A1.2,,1,,
spielen,spielen,,,verb,play,A1.2,,1,,
singen,singen,,,verb,sing,A1.2,,1,,
tanzen,tanzen,,,verb,dance,A1.2,,1,,
kochen,kochen,,,verb,cook,A1.2,,1,,
backen,backen,,,verb,bake,A1.2,,1,,
putzen,putzen,,,verb,clean,A1.2,,1,,
waschen,waschen,,,verb,wash,A1.2,,1,,
verkaufen,verkaufen,,,verb,sell,A1.2,,1,,
holen,holen,,,verb,get,A1.2,,1,,
oeffnen,öffnen,,,verb,open,A1.2,,1,,
schliessen,schließen,,,verb,shut,A1.2,,1,,
anfangen,anfangen,,,verb,begin,A1.2,,1,,
aufhoeren,aufhören,,,verb,cease,A1.2,,1,,
danken,danken,,,verb,thank,A1.2,,1,,
lieben,lieben,,,verb,love,A1.2,,1,,
moegen,mögen,,,verb,may,A1.2,,1,,
wollen,wollen,,,verb,will,A1.2,,1,,
koennen,können,,,verb,can,A1.2,,1,,
muessen,müssen,,,verb,must,A1.2,,1,,
duerfen,dürfen,,,verb,may,A1.2,,1,,
sollen,sollen,,,verb,shall,A1.2,,1,,
schlafen,schlafen,,,verb,sleep,A1.2,,1,,
aufstehen,aufstehen,,,verb,rise,A1.2,,1,,
sitzen,sitzen,,,verb,sit,A1.2,,1,,
stehen,stehen,,,verb,stand,A1.2,,1,,
telefonieren,telefonieren,,,verb,telephone,A1.2,,1,,
schicken,schicken,,,verb,send,A1.2,,1,,
vergessen,vergessen,,,verb,forgotten,A1.2,,1,,
erinnern,erinnern,,,verb,remember,A1.2,,1,,
zeigen,zeigen,,,verb,show,A1.2,,1,,
enden,enden,,,verb,end,A1.2,,1,,
hier,hier,,,other,here,A1.2,,1,,
dort,dort,,,other,there,A1.2,,1,,
oben,oben,,,other,above,A1.2,,1,,
unten,unten,,,other,below,A1.2,,1,,
links,links,,,other,left,A1.2,,1,,
rechts,rechts,,,other,right,A1.2,,1,,
vorne,vorne,,,other,at the front,A1.2,,1,,
hinten,hinten,,,other,at the end,A1.2,,1,,
neben,neben,,,prep,beside,A1.2,,1,,
zwischen,zwischen,,,prep,between,A1.2,,1,,
ueber,über,,,prep,above,A1.2,,1,,
unter,unter,,,prep,below,A1.2,,1,,
vor,vor,,,prep,before,A1.2,,1,,
hinter,hinter,,,adj,behind,A1.2,,1,,
nach,nach,,,prep,to,A1.2,,1,,
seit,seit,,,prep,since,A1.2,,1,,
bis,bis,,,prep,until,A1.2,,1,,
von,von,,,prep,from,A1.2,,1,,
gegen,gegen,,,prep,into,A1.2,,1,,
schon,schon,,,other,already,A1.2,,1,,
noch,noch,,,other,still,A1.2,,1,,
erst,erst,,,other,first,A1.2,,1,,
wieder,wieder,,,other,again,A1.2,,1,,
sicher,sicher,,,adj,safe,A1.2,,1,,
natuerlich,natürlich,,,adj,natural,A1.2,,1,,
leider,leider,,,other,unfortunately,A1.2,,1,,
gern,gern,,,other,willingly,A1.2,,1,,
zusammen,zusammen,,,other,same,A1.2,,1,,
allein,allein,,,adj,alone,A1.2,,1,,
alle,alle,,,other,used up,A1.2,,1,,
viel,viel,,,adj,a lot,A1.2,,1,,
wenig,wenig,,,adj,little,A1.2,,1,,
mehr,mehr,,,other,more,A1.2,,1,,
genug,genug,,,other,enough,A1.2,,1,,
etwas,etwas,,,other,some,A1.2,,1,,
nichts,nichts,,,other,nothing,A1.2,,1,,
jemand,jemand,,,other,someone,A1.2,,1,,
niemand,niemand,,,other,nobody,A1.2,,1,,
ausflug,Ausflug,der,Ausflüge,noun,excursion,A2.1,,1,,
beispiel,Beispiel,das,Beispiele,noun,example,A2.1,,1,,
bereich,Bereich,der,Bereiche,noun,area,A2.1,,1,,
beruf,Beruf,der,Berufe,noun,profession,A2.1,,1,,
besuch,Besuch,der,Besuche,noun,visit,A2.1,,1,,
betrieb,Betrieb,der,Betriebe,noun,business,A2.1,,1,,
bewegung,Bewegung,die,Bewegungen,noun,movement,A2.1,,1,,
beziehung,Beziehung,die,Beziehungen,noun,relation,A2.1,,1,,
bibliothek,Bibliothek,die,Bibliotheken,noun,library,A2.1,,1,,
buehne,Bühne,die,Bühnen,noun,stage,A2.1,,1,,
ecke,Ecke,die,Ecken,noun,corner,A2.1,,1,,
eingang,Eingang,der,Eingänge,noun,entrance,A2.1,,1,,
ausgang,Ausgang,der,Ausgänge,noun,exit,A2.1,,1,,
einladung,Einladung,die,Einladungen,noun,invitation,A2.1,,1,,
eintritt,Eintritt,der,Eintritte,noun,joining,A2.1,,1,,
entscheidung,Entscheidung,die,Entscheidungen,noun,decision,A2.1,,1,,
erfahrung,Erfahrung,die,Erfahrungen,noun,experience,A2.1,,1,,
erfolg,Erfolg,der,Erfolge,noun,success,A2.1,,1,,
erlebnis,Erlebnis,das,Erlebnisse,noun,adventure,A2.1,,1,,
fahrt,Fahrt,die,Fahrten,noun,trip,A2.1,,1,,
feier,Feier,die,Feiern,noun,party,A2.1,,1,,
ferien,Ferien,,Ferien,noun,holidays,A2.1,,1,,
freizeit,Freizeit,die,Freizeiten,noun,free time,A2.1,,1,,
gebaeude,Gebäude,das,Gebäude,noun,building,A2.1,,1,,
gefahr,Gefahr,die,Gefahren,noun,fear,A2.1,,1,,
gegend,Gegend,die,Gegenden,noun,region,A2.1,,1,,
gruppe,Gruppe,die,Gruppen,noun,group,A2.1,,1,,
hilfe,Hilfe,die,Hilfen,noun,help,A2.1,,1,,
hobby,Hobby,das,Hobbys,noun,hobby,A2.1,,1,,
kenntnis,Kenntnis,die,Kenntnisse,noun,acquaintance,A2.1,,1,,
kleinigkeit,Kleinigkeit,die,Kleinigkeiten,noun,bagatelle,A2.1,,1,,
kunde,Kunde,der,Kunden,noun,customer,A2.1,,1,,
laerm,Lärm,der,,noun,noise,A2.1,,1,,
leistung,Leistung,die,Leistungen,noun,performance,A2.1,,1,,
liebe,Liebe,die,Lieben,noun,love,A2.1,,1,,
lust,Lust,die,Lüste,noun,inclination,A2.1,,1,,
mannschaft,Mannschaft,die,Mannschaften,noun,team,A2.1,,1,,
mitte,Mitte,die,Mitten,noun,centre,A2.1,,1,,
muehe,Mühe,die,Mühen,noun,trouble,A2.1,,1,,
naehe,Nähe,die,,noun,proximity,A2.1,,1,,
not,Not,die,Nöte,noun,need,A2.1,,1,,
ordnung,Ordnung,die,Ordnungen,noun,order,A2.1,,1,,
ort,Ort,der,Orte,noun,location,A2.1,,1,,
pause,Pause,die,Pausen,noun,break,A2.1,,1,,
plan,Plan,der,Pläne,noun,plan,A2.1,,1,,
punkt,Punkt,der,Punkte,noun,point,A2.1,,1,,
rat,Rat,der,Räte,noun,advice,A2.1,,1,,
raum,Raum,der,Räume,noun,space,A2.1,,1,,
rede,Rede,die,Reden,noun,speech,A2.1,,1,,
regel,Regel,die,Regeln,noun,rule,A2.1,,1,,
ruhe,Ruhe,die,,noun,quiet,A2.1,,1,,
sache,Sache,die,Sachen,noun,thing,A2.1,,1,,
schluss,Schluss,der,Schlüsse,noun,close,A2.1,,1,,
schritt,Schritt,der,Schritte,noun,step,A2.1,,1,,
seite,Seite,die,Seiten,noun,side,A2.1,,1,,
sinn,Sinn,der,Sinne,noun,sense,A2.1,,1,,
sorge,Sorge,die,Sorgen,noun,worry,A2.1,,1,,
spiel,Spiel,das,Spiele,noun,game,A2.1,,1,,
sprache,Sprache,die,Sprachen,noun,speech,A2.1,,1,,
stelle,Stelle,die,Stellen,noun,job,A2.1,,1,,
stimme,Stimme,die,Stimmen,noun,voice,A2.1,,1,,
stueck,Stück,das,Stücke,noun,part,A2.1,,1,,
teil,Teil,das,Teile,noun,deal,A2.1,,1,,
tipp,Tipp,der,Tipps,noun,tip,A2.1,,1,,
traum,Traum,der,Träume,noun,dream,A2.1,,1,,
uebung,Übung,die,Übungen,noun,training,A2.1,,1,,
umgebung,Umgebung,die,Umgebungen,noun,surrounding,A2.1,,1,,
ursache,Ursache,die,Ursachen,noun,cause,A2.1,,1,,
verkehr,Verkehr,der,Verkehre,noun,traffic,A2.1,,1,,
versuch,Versuch,der,Versuche,noun,attempt,A2.1,,1,,
vorschlag,Vorschlag,der,Vorschläge,noun,offer,A2.1,,1,,
wahl,Wahl,die,Wahlen,noun,choice,A2.1,,1,,
wechsel,Wechsel,der,Wechsel,noun,exchange,A2.1,,1,,
weise,Weise,die,Weisen,noun,mode,A2.1,,1,,
welt,Welt,die,Welten,noun,Earth,A2.1,,1,,
werkstatt,Werkstatt,die,Werkstätten,noun,workshop,A2.1,,1,,
wert,Wert,der,Werte,noun,value,A2.1,,1,,
wille,Wille,der,Willen,noun,will,A2.1,,1,,
wunsch,Wunsch,der,Wünsche,noun,request,A2.1,,1,,
zahl,Zahl,die,Zahlen,noun,number,A2.1,,1,,
zeichen,Zeichen,das,Zeichen,noun,sign,A2.1,,1,,
ziel,Ziel,das,Ziele,noun,aim,A2.1,,1,,
zustand,Zustand,der,Zustände,noun,condition,A2.1,,1,,
zweck,Zweck,der,Zwecke,noun,point,A2.1,,1,,
achten,achten,,,verb,respect,A2.1,,1,,
aendern,ändern,,,verb,change,A2.1,,1,,
anbieten,anbieten,,,verb,offer,A2.1,,1,,
aufmachen,aufmachen,,,verb,open,A2.1,,1,,
aufpassen,aufpassen,,,verb,pay attention,A2.1,,1,,
ausmachen,ausmachen,,,verb,put out,A2.1,,1,,
aussehen,aussehen,,,verb,look,A2.1,,1,,
bedeuten,bedeuten,,,verb,mean,A2.1,,1,,
beeilen,beeilen,,,verb,hurry,A2.1,,1,,
behalten,behalten,,,verb,keep,A2.1,,1,,
bemerken,bemerken,,,verb,notice,A2.1,,1,,
benutzen,benutzen,,,verb,use,A2.1,,1,,
beschreiben,beschreiben,,,verb,describe,A2.1,,1,,
besitzen,besitzen,,,verb,own,A2.1,,1,,
bestimmen,bestimmen,,,verb,determine,A2.1,,1,,
beweisen,beweisen,,,verb,prove,A2.1,,1,,
bewegen,bewegen,,,verb,move,A2.1,,1,,
bieten,bieten,,,verb,bid,A2.1,,1,,
bitten,bitten,,,verb,ask,A2.1,,1,,
dauern,dauern,,,verb,last,A2.1,,1,,
druecken,drücken,,,verb,push,A2.1,,1,,
eignen,eignen,,,verb,suit,A2.1,,1,,
einladen,einladen,,,verb,invite,A2.1,,1,,
entdecken,entdecken,,,verb,discover,A2.1,,1,,
entwickeln,entwickeln,,,verb,develop,A2.1,,1,,
erfahren,erfahren,,,verb,experience,A2.1,,1,,
erhalten,erhalten,,,verb,get,A2.1,,1,,
erkennen,erkennen,,,verb,recognize,A2.1,,1,,
erlauben,erlauben,,,verb,allow,A2.1,,1,,
erreichen,erreichen,,,verb,reach,A2.1,,1,,
erwarten,erwarten,,,verb,await,A2.1,,1,,
fallen,fallen,,,verb,fall,A2.1,,1,,
fehlen,fehlen,,,verb,miss,A2.1,,1,,
feiern,feiern,,,verb,celebrate,A2.1,,1,,
folgen,folgen,,,verb,follow,A2.1,,1,,
freuen,freuen,,,verb,be happy,A2.1,,1,,
fuehlen,fühlen,,,verb,feel,A2.1,,1,,
fuehren,führen,,,verb,lead,A2.1,,1,,
gefallen,gefallen,,,verb,fallen,A2.1,,1,,
gehoeren,gehören,,,verb,belong,A2.1,,1,,
gelingen,gelingen,,,verb,work,A2.1,,1,,
geniessen,genießen,,,verb,enjoy,A2.1,,1,,
geschehen,geschehen,,,verb,happen,A2.1,,1,,
gewinnen,gewinnen,,,verb,win,A2.1,,1,,
halten,halten,,,verb,hold,A2.1,,1,,
haengen,hängen,,,verb,hang,A2.1,,1,,
heben,heben,,,verb,lift,A2.1,,1,,
hoffen,hoffen,,,verb,hope,A2.1,,1,,
interessieren,interessieren,,,verb,interest,A2.1,,1,,
klingen,klingen,,,verb,clink,A2.1,,1,,
lachen,lachen,,,verb,laugh,A2.1,,1,,
lassen,lassen,,,verb,leave,A2.1,,1,,
legen,legen,,,verb,lay,A2.1,,1,,
merken,merken,,,verb,notice,A2.1,,1,,
messen,messen,,,verb,measure,A2.1,,1,,
mitbringen,mitbringen,,,verb,bring along,A2.1,,1,,
nutzen,nutzen,,,verb,use,A2.1,,1,,
passen,passen,,,verb,fit,A2.1,,1,,
passieren,passieren,,,verb,pass,A2.1,,1,,
pruefen,prüfen,,,verb,check,A2.1,,1,,
raten,raten,,,verb,advise,A2.1,,1,,
rechnen,rechnen,,,verb,calculate,A2.1,,1,,
reden,reden,,,verb,speak,A2.1,,1,,
retten,retten,,,verb,save,A2.1,,1,,
riechen,riechen,,,verb,reek,A2.1,,1,,
rufen,rufen,,,verb,call,A2.1,,1,,
scheinen,scheinen,,,verb,shine,A2.1,,1,,
schenken,schenken,,,verb,give,A2.1,,1,,
schneiden,schneiden,,,verb,cut,A2.1,,1,,
setzen,setzen,,,verb,sit,A2.1,,1,,
sorgen,sorgen,,,verb,care,A2.1,,1,,
sparen,sparen,,,verb,spare,A2.1,,1,,
spueren,spüren,,,verb,feel,A2.1,,1,,
stellen,stellen,,,verb,place,A2.1,,1,,
sterben,sterben,,,verb,die,A2.1,,1,,
stoeren,stören,,,verb,disturb,A2.1,,1,,
traeumen,träumen,,,verb,dream,A2.1,,1,,
trennen,trennen,,,verb,separate,A2.1,,1,,
ueberlegen,überlegen,,,verb,superior,A2.1,,1,,
unterscheiden,unterscheiden,,,verb,distinguish,A2.1,,1,,
verbinden,verbinden,,,verb,bandage,A2.1,,1,,
verbringen,verbringen,,,verb,acquire,A2.1,,1,,
vergleichen,vergleichen,,,verb,compare,A2.1,,1,,
verlassen,verlassen,,,verb,abandon,A2.1,,1,,
verlieren,verlieren,,,verb,lose,A2.1,,1,,
vermeiden,vermeiden,,,verb,avoid,A2.1,,1,,
verpassen,verpassen,,,verb,miss,A2.1,,1,,
versprechen,versprechen,,,verb,promise,A2.1,,1,,
versuchen,versuchen,,,verb,try,A2.1,,1,,
verwenden,verwenden,,,verb,use,A2.1,,1,,
vorbereiten,vorbereiten,,,verb,prepare,A2.1,,1,,
vorschlagen,vorschlagen,,,verb,propose,A2.1,,1,,
wachsen,wachsen,,,verb,wax,A2.1,,1,,
waehlen,wählen,,,verb,choose,A2.1,,1,,
wechseln,wechseln,,,verb,change,A2.1,,1,,
weinen,weinen,,,verb,cry,A2.1,,1,,
werfen,werfen,,,verb,throw,A2.1,,1,,
wiederholen,wiederholen,,,verb,iterate,A2.1,,1,,
wundern,wundern,,,verb,surprise,A2.1,,1,,
zahlen,zahlen,,,verb,pay,A2.1,,1,,
ziehen,ziehen,,,verb,pull,A2.1,,1,,
zuhoeren,zuhören,,,verb,listen,A2.1,,1,,
angenehm,angenehm,,,adj,agreeable,A2.1,,1,,
bequem,bequem,,,adj,comfortable,A2.1,,1,,
beruehmt,berühmt,,,adj,famous,A2.1,,1,,
bereit,bereit,,,adj,ready,A2.1,,1,,
bekannt,bekannt,,,adj,known,A2.1,,1,,
deutlich,deutlich,,,adj,clear,A2.1,,1,,
dick,dick,,,adj,thick,A2.1,,1,,
duenn,dünn,,,adj,thin,A2.1,,1,,
dumm,dumm,,,adj,stupid,A2.1,,1,,
eng,eng,,,adj,tight,A2.1,,1,,
ernst,ernst,,,adj,serious,A2.1,,1,,
fertig,fertig,,,adj,done,A2.1,,1,,
frei,frei,,,adj,emancipated,A2.1,,1,,
fremd,fremd,,,adj,strange,A2.1,,1,,
frisch,frisch,,,adj,fresh,A2.1,,1,,
froh,froh,,,adj,happy,A2.1,,1,,
gefaehrlich,gefährlich,,,adj,dangerous,A2.1,,1,,
gemeinsam,gemeinsam,,,adj,common,A2.1,,1,,
genau,genau,,,adj,truly,A2.1,,1,,
gleich,gleich,,,adj,equal,A2.1,,1,,
hell,hell,,,adj,light,A2.1,,1,,
dunkel,dunkel,,,adj,dark,A2.1,,1,,
hoch,hoch,,,adj,high,A2.1,,1,,
niedrig,niedrig,,,adj,low,A2.1,,1,,
klar,klar,,,adj,clear,A2.1,,1,,
klug,klug,,,adj,clever,A2.1,,1,,
lang,lang,,,adj,long,A2.1,,1,,
langsam,langsam,,,adj,slow,A2.1,,1,,
schnell,schnell,,,adj,snell,A2.1,,1,,
laut,laut,,,adj,loud,A2.1,,1,,
leise,leise,,,adj,less,A2.1,,1,,
leicht,leicht,,,adj,light,A2.1,,1,,
schwer,schwer,,,adj,heavy,A2.1,,1,,
lieb,lieb,,,adj,nice,A2.1,,1,,
moeglich,möglich,,,adj,possible,A2.1,,1,,
nah,nah,,,adj,near,A2.1,,1,,
weit,weit,,,adj,vast,A2.1,,1,,
noetig,nötig,,,adj,necessary,A2.1,,1,,
offen,offen,,,adj,open,A2.1,,1,,
privat,privat,,,adj,private,A2.1,,1,,
reich,reich,,,adj,rich,A2.1,,1,,
ruhig,ruhig,,,adj,quiet,A2.1,,1,,
sauber,sauber,,,adj,clean,A2.1,,1,,
schmutzig,schmutzig,,,adj,dirty,A2.1,,1,,
schwach,schwach,,,adj,weak,A2.1,,1,,
stark,stark,,,adj,powerful,A2.1,,1,,
still,still,,,adj,still,A2.1,,1,,
typisch,typisch,,,adj,typical,A2.1,,1,,
voll,voll,,,adj,full,A2.1,,1,,
leer,leer,,,adj,empty,A2.1,,1,,
wahr,wahr,,,adj,true,A2.1,,1,,
wichtig,wichtig,,,adj,important,A2.1,,1,,
zufrieden,zufrieden,,,adj,satisfied,A2.1,,1,,
arbeitsplatz,Arbeitsplatz,der,Arbeitsplätze,noun,workplace,A2.2,,1,,
firma,Firma,die,Firmen,noun,firm,A2.2,,1,,
buero,Büro,das,Büros,noun,office,A2.2,,1,,
abteilung,Abteilung,die,Abteilungen,noun,department,A2.2,,1,,
praktikum,Praktikum,das,Praktika,noun,work experience,A2.2,,1,,
bewerbung,Bewerbung,die,Bewerbungen,noun,application,A2.2,,1,,
lebenslauf,Lebenslauf,der,Lebensläufe,noun,curriculum vitae,A2.2,,1,,
vorstellungsgespraech,Vorstellungsgespräch,das,Vorstellungsgespräche,noun,interview,A2.2,,1,,
gehalt,Gehalt,der,Gehalte,noun,content,A2.2,,1,,
vertrag,Vertrag,der,Verträge,noun,agreement,A2.2,,1,,
kollegin,Kollegin,die,Kolleginnen,noun,colleague,A2.2,,1,,
ausbildung,Ausbildung,die,Ausbildungen,noun,education,A2.2,,1,,
studium,Studium,das,Studien,noun,studies,A2.2,,1,,
universitaet,Universität,die,Universitäten,noun,university,A2.2,,1,,
pruefung,Prüfung,die,Prüfungen,noun,check,A2.2,,1,,
note,Note,die,Noten,noun,note,A2.2,,1,,
zeugnis,Zeugnis,das,Zeugnisse,noun,testimony,A2.2,,1,,
kurs,Kurs,der,Kurse,noun,course,A2.2,,1,,
unterricht,Unterricht,der,Unterrichte,noun,instruction,A2.2,,1,,
hausaufgabe,Hausaufgabe,die,Hausaufgaben,noun,homework,A2.2,,1,,
fehler,Fehler,der,Fehler,noun,error,A2.2,,1,,
loesung,Lösung,die,Lösungen,noun,answer,A2.2,,1,,
ergebnis,Ergebnis,das,Ergebnisse,noun,result,A2.2,,1,,
bewerben,bewerben,,,verb,apply,A2.2,,1,,
verdienen,verdienen,,,verb,earn,A2.2,,1,,
kuendigen,kündigen,,,verb,give notice,A2.2,,1,,
studieren,studieren,,,verb,study,A2.2,,1,,
bestehen,bestehen,,,verb,succeed,A2.2,,1,,
korrigieren,korrigieren,,,verb,correct,A2.2,,1,,
gefuehl,Gefühl,das,Gefühle,noun,affection,A2.2,,1,,
idee,Idee,die,Ideen,noun,idea,A2.2,,1,,
grund,Grund,der,Gründe,noun,reason,A2.2,,1,,
angst,Angst,die,Ängste,noun,anxiety,A2.2,,1,,
freude,Freude,die,Freuden,noun,joy,A2.2,,1,,
aerger,Ärger,der,,noun,aggro,A2.2,,1,,
hoffnung,Hoffnung,die,Hoffnungen,noun,hope,A2.2,,1,,
interesse,Interesse,das,Interessen,noun,interest,A2.2,,1,,
spass,Spaß,der,Späße,noun,humour,A2.2,,1,,
glueck,Glück,das,,noun,luck,A2.2,,1,,
pech,Pech,das,Peche,noun,pitch,A2.2,,1,,
unzufrieden,unzufrieden,,,adj,dissatisfied,A2.2,,1,,
stolz,stolz,,,adj,proud,A2.2,,1,,
nervoes,nervös,,,adj,jumpy,A2.2,,1,,
aufgeregt,aufgeregt,,,adj,excited,A2.2,,1,,
enttaeuscht,enttäuscht,,,adj,crestfallen,A2.2,,1,,
ueberrascht,überrascht,,,adj,surprised,A2.2,,1,,
wach,wach,,,adj,awake,A2.2,,1,,
langweilig,langweilig,,,adj,boring,A2.2,,1,,
interessant,interessant,,,adj,interesting,A2.2,,1,,
unwichtig,unwichtig,,,adj,unimportant,A2.2,,1,,
unmoeglich,unmöglich,,,adj,impossible,A2.2,,1,,
einfach,einfach,,,adj,simple,A2.2,,1,,
schwierig,schwierig,,,adj,difficult,A2.2,,1,,
meinen,meinen,,,verb,think,A2.2,,1,,
wuenschen,wünschen,,,verb,wish,A2.2,,1,,
aergern,ärgern,,,verb,annoy,A2.2,,1,,
entscheiden,entscheiden,,,verb,decide,A2.2,,1,,
diskutieren,diskutieren,,,verb,discuss,A2.2,,1,,
streiten,streiten,,,verb,argue,A2.2,,1,,
anruf,Anruf,der,Anrufe,noun,phone call,A2.2,,1,,
telefon,Telefon,das,Telefone,noun,telephone,A2.2,,1,,
e-mail,E-Mail,die,E-Mails,noun,e-mail,A2.2,,1,,
adresse,Adresse,die,Adressen,noun,address,A2.2,,1,,
internet,Internet,das,,noun,Internet,A2.2,,1,,
zeitschrift,Zeitschrift,die,Zeitschriften,noun,magazine,A2.2,,1,,
roman,Roman,der,Romane,noun,novel,A2.2,,1,,
artikel,Artikel,der,Artikel,noun,commodity,A2.2,,1,,
bericht,Bericht,der,Berichte,noun,report,A2.2,,1,,
werbung,Werbung,die,Werbungen,noun,advertising,A2.2,,1,,
information,Information,die,Informationen,noun,information,A2.2,,1,,
erklaerung,Erklärung,die,Erklärungen,noun,explanation,A2.2,,1,,
anrufen,anrufen,,,verb,call,A2.2,,1,,
zurueckrufen,zurückrufen,,,verb,call back,A2.2,,1,,
mitteilen,mitteilen,,,verb,inform,A2.2,,1,,
berichten,berichten,,,verb,report,A2.2,,1,,
erzaehlen,erzählen,,,verb,narrate,A2.2,,1,,
buchstabieren,buchstabieren,,,verb,spell,A2.2,,1,,
unterschreiben,unterschreiben,,,verb,sign,A2.2,,1,,
preis,Preis,der,Preise,noun,price,A2.2,,1,,
rechnung,Rechnung,die,Rechnungen,noun,bill,A2.2,,1,,
quittung,Quittung,die,Quittungen,noun,receipt,A2.2,,1,,
kasse,Kasse,die,Kassen,noun,cash,A2.2,,1,,
angebot,Angebot,das,Angebote,noun,offer,A2.2,,1,,
rabatt,Rabatt,der,Rabatte,noun,discount,A2.2,,1,,
kredit,Kredit,der,Kredite,noun,loan,A2.2,,1,,
konto,Konto,das,Konten,noun,account,A2.2,,1,,
miete,Miete,die,Mieten,noun,meed,A2.2,,1,,
steuer,Steuer,das,Steuer,noun,steering wheel,A2.2,,1,,
versicherung,Versicherung,die,Versicherungen,noun,insurance,A2.2,,1,,
guenstig,günstig,,,adj,cheap,A2.2,,1,,
kostenlos,kostenlos,,,adj,free,A2.2,,1,,
ausgeben,ausgeben,,,verb,spend,A2.2,,1,,
leihen,leihen,,,verb,lend,A2.2,,1,,
tauschen,tauschen,,,verb,exchange,A2.2,,1,,
zurueckgeben,zurückgeben,,,verb,return,A2.2,,1,,
umtauschen,umtauschen,,,verb,exchange,A2.2,,1,,
fahrkarte,Fahrkarte,die,Fahrkarten,noun,ticket,A2.2,,1,,
fahrplan,Fahrplan,der,Fahrpläne,noun,time table,A2.2,,1,,
gleis,Gleis,das,Gleise,noun,rail track,A2.2,,1,,
verspaetung,Verspätung,die,Verspätungen,noun,delay,A2.2,,1,,
abfahrt,Abfahrt,die,Abfahrten,noun,departure,A2.2,,1,,
ankunft,Ankunft,die,Ankünfte,noun,arrival,A2.2,,1,,
reisefuehrer,Reiseführer,der,Reiseführer,noun,guide,A2.2,,1,,
unterkunft,Unterkunft,die,Unterkünfte,noun,accommodation,A2.2,,1,,
rezeption,Rezeption,die,Rezeptionen,noun,reception,A2.2,,1,,
grenze,Grenze,die,Grenzen,noun,border,A2.2,,1,,
ausland,Ausland,das,,noun,foreign country,A2.2,,1,,
ausweis,Ausweis,der,Ausweise,noun,identity card,A2.2,,1,,
reisepass,Reisepass,der,Reisepässe,noun,passport,A2.2,,1,,
gepaeck,Gepäck,das,Gepäcke,noun,luggage,A2.2,,1,,
richtung,Richtung,die,Richtungen,noun,direction,A2.2,,1,,
weg,Weg,der,Wege,noun,track,A2.2,,1,,
karte,Karte,die,Karten,noun,card,A2.2,,1,,
stau,Stau,der,Staus,noun,congestion,A2.2,,1,,
umsteigen,umsteigen,,,verb,change,A2.2,,1,,
reservieren,reservieren,,,verb,reserve,A2.2,,1,,
buchen,buchen,,,verb,beechen,A2.2,,1,,
packen,packen,,,verb,pack,A2.2,,1,,
mitnehmen,mitnehmen,,,verb,take with,A2.2,,1,,
haushalt,Haushalt,der,Haushalte,noun,budget,A2.2,,1,,
muell,Müll,der,,noun,garbage,A2.2,,1,,
waesche,Wäsche,die,Wäschen,noun,laundry,A2.2,,1,,
reparatur,Reparatur,die,Reparaturen,noun,repair,A2.2,,1,,
werkzeug,Werkzeug,das,Werkzeuge,noun,tool,A2.2,,1,,
nachbarschaft,Nachbarschaft,die,Nachbarschaften,noun,neighbourhood,A2.2,,1,,
umzug,Umzug,der,Umzüge,noun,move,A2.2,,1,,
mieten,mieten,,,verb,rent,A2.2,,1,,
umziehen,umziehen,,,verb,move,A2.2,,0,,
reparieren,reparieren,,,verb,repair,A2.2,,1,,
aufraeumen,aufräumen,,,verb,tidy up,A2.2,,1,,
saubermachen,saubermachen,,,verb,clean,A2.2,,1,,
funktionieren,funktionieren,,,verb,function,A2.2,,1,,
kaputt,kaputt,,,adj,broken,A2.2,,1,,
ordentlich,ordentlich,,,adj,tidy,A2.2,,1,,
vergangenheit,Vergangenheit,die,Vergangenheiten,noun,past,A2.2,,1,,
gegenwart,Gegenwart,die,,noun,present,A2.2,,1,,
moment,Moment,der,Momente,noun,moment,A2.2,,1,,
weile,Weile,die,,noun,while,A2.2,,1,,
anfang,Anfang,der,Anfänge,noun,beginning,A2.2,,1,,
verabredung,Verabredung,die,Verabredungen,noun,appointment,A2.2,,1,,
gewohnheit,Gewohnheit,die,Gewohnheiten,noun,habit,A2.2,,1,,
ploetzlich,plötzlich,,,adj,suddenly,A2.2,,1,,
sofort,sofort,,,other,immediately,A2.2,,1,,
bald,bald,,,other,soon,A2.2,,1,,
endlich,endlich,,,adj,limited,A2.2,,1,,
zuerst,zuerst,,,other,first,A2.2,,1,,
danach,danach,,,other,accordingly,A2.2,,1,,
schliesslich,schließlich,,,other,finally,A2.2,,1,,
manchmal,manchmal,,,other,sometimes,A2.2,,1,,
selten,selten,,,adj,rare,A2.2,,1,,
meistens,meistens,,,other,mostly,A2.2,,1,,
regelmaessig,regelmäßig,,,adj,at regular intervals,A2.2,,1,,
dauernd,dauernd,,,adj,continuous,A2.2,,1,,
gesellschaft,Gesellschaft,die,Gesellschaften,noun,society,A2.2,,1,,
regierung,Regierung,die,Regierungen,noun,government,A2.2,,1,,
politik,Politik,die,Politiken,noun,politics,A2.2,,1,,
gesetz,Gesetz,das,Gesetze,noun,law,A2.2,,1,,
recht,Recht,das,Rechte,noun,law,A2.2,,1,,
pflicht,Pflicht,die,Pflichten,noun,duty,A2.2,,1,,
freiheit,Freiheit,die,Freiheiten,noun,liberty,A2.2,,1,,
kultur,Kultur,die,Kulturen,noun,culture,A2.2,,1,,
religion,Religion,die,Religionen,noun,religion,A2.2,,1,,
umwelt,Umwelt,die,Umwelten,noun,environment,A2.2,,1,,
natur,Natur,die,Naturen,noun,nature,A2.2,,1,,
energie,Energie,die,Energien,noun,energy,A2.2,,1,,
sicherheit,Sicherheit,die,Sicherheiten,noun,security,A2.2,,1,,
unterschied,Unterschied,der,Unterschiede,noun,difference,A2.2,,1,,
situation,Situation,die,Situationen,noun,situation,A2.2,,1,,
vorteil,Vorteil,der,Vorteile,noun,advantage,A2.2,,1,,
nachteil,Nachteil,der,Nachteile,noun,disadvantage,A2.2,,1,,
entwicklung,Entwicklung,die,Entwicklungen,noun,development,A2.2,,1,,
verbessern,verbessern,,,verb,correct,A2.2,,1,,
stattfinden,stattfinden,,,verb,take place,A2.2,,1,,
teilnehmen,teilnehmen,,,verb,attend,A2.2,,1,,
gedanke,Gedanke,der,Gedanken,noun,thinking,B1.1,,1,,
absicht,Absicht,die,Absichten,noun,intention,B1.1,,1,,
vorstellung,Vorstellung,die,Vorstellungen,noun,idea,B1.1,,1,,
ansicht,Ansicht,die,Ansichten,noun,view,B1.1,,1,,
standpunkt,Standpunkt,der,Standpunkte,noun,standpoint,B1.1,,1,,
argument,Argument,das,Argumente,noun,argument,B1.1,,1,,
behauptung,Behauptung,die,Behauptungen,noun,claim,B1.1,,1,,
beweis,Beweis,der,Beweise,noun,evidence,B1.1,,1,,
zweifel,Zweifel,der,Zweifel,noun,doubt,B1.1,,1,,
vermutung,Vermutung,die,Vermutungen,noun,assumption,B1.1,,1,,
annahme,Annahme,die,Annahmen,noun,assumption,B1.1,,1,,
schlussfolgerung,Schlussfolgerung,die,Schlussfolgerungen,noun,conclusion,B1.1,,1,,
zusammenhang,Zusammenhang,der,Zusammenhänge,noun,coherence,B1.1,,1,,
folge,Folge,die,Folgen,noun,consequence,B1.1,,1,,
wirkung,Wirkung,die,Wirkungen,noun,effect,B1.1,,1,,
bedingung,Bedingung,die,Bedingungen,noun,condition,B1.1,,1,,
ausnahme,Ausnahme,die,Ausnahmen,noun,exception,B1.1,,1,,
vergleich,Vergleich,der,Vergleiche,noun,comparison,B1.1,,1,,
gegenteil,Gegenteil,das,Gegenteile,noun,opposite,B1.1,,1,,
behaupten,behaupten,,,verb,claim,B1.1,,1,,
bezweifeln,bezweifeln,,,verb,doubt,B1.1,,1,,
vermuten,vermuten,,,verb,assume,B1.1,,1,,
annehmen,annehmen,,,verb,assume,B1.1,,1,,
begruenden,begründen,,,verb,justify,B1.1,,1,,
zugeben,zugeben,,,verb,admit,B1.1,,1,,
bestreiten,bestreiten,,,verb,deny,B1.1,,1,,
betonen,betonen,,,verb,stress,B1.1,,1,,
erwaehnen,erwähnen,,,verb,mention,B1.1,,1,,
hinweisen,hinweisen,,,verb,point out,B1.1,,1,,
zustimmen,zustimmen,,,verb,agree,B1.1,,1,,
ablehnen,ablehnen,,,verb,decline,B1.1,,1,,
kritisieren,kritisieren,,,verb,criticize,B1.1,,1,,
loben,loben,,,verb,praise,B1.1,,1,,
empfehlen,empfehlen,,,verb,recommend,B1.1,,1,,
warnen,warnen,,,verb,warn,B1.1,,1,,
arbeitgeber,Arbeitgeber,der,Arbeitgeber,noun,employer,B1.1,,1,,
arbeitnehmer,Arbeitnehmer,der,Arbeitnehmer,noun,employee,B1.1,,1,,
arbeitslosigkeit,Arbeitslosigkeit,die,,noun,unemployment,B1.1,,1,,
gewerkschaft,Gewerkschaft,die,Gewerkschaften,noun,trade union,B1.1,,1,,
bewerber,Bewerber,der,Bewerber,noun,applicant,B1.1,,1,,
faehigkeit,Fähigkeit,die,Fähigkeiten,noun,ability,B1.1,,1,,
verantwortung,Verantwortung,die,Verantwortungen,noun,responsibility,B1.1,,1,,
aufgabe,Aufgabe,die,Aufgaben,noun,task,B1.1,,1,,
misserfolg,Misserfolg,der,Misserfolge,noun,failure,B1.1,,1,,
karriere,Karriere,die,Karrieren,noun,career,B1.1,,1,,
teilzeit,Teilzeit,die,Teilzeiten,noun,part-time,B1.1,,1,,
vollzeit,Vollzeit,die,,noun,full time,B1.1,,1,,
schicht,Schicht,die,Schichten,noun,layer,B1.1,,1,,
ueberstunde,Überstunde,die,Überstunden,noun,overtime,B1.1,,1,,
krankenschein,Krankenschein,der,Krankenscheine,noun,sickness certificate,B1.1,,1,,
branche,Branche,die,Branchen,noun,line,B1.1,,1,,
konkurrenz,Konkurrenz,die,Konkurrenzen,noun,competition,B1.1,,1,,
auftrag,Auftrag,der,Aufträge,noun,assignment,B1.1,,1,,
projekt,Projekt,das,Projekte,noun,project,B1.1,,1,,
sitzung,Sitzung,die,Sitzungen,noun,session,B1.1,,1,,
protokoll,Protokoll,das,Protokolle,noun,record,B1.1,,1,,
leiten,leiten,,,verb,manage,B1.1,,1,,
organisieren,organisieren,,,verb,organize,B1.1,,1,,
verwalten,verwalten,,,verb,manage,B1.1,,1,,
planen,planen,,,verb,plan,B1.1,,1,,
durchfuehren,durchführen,,,verb,carry out,B1.1,,1,,
erledigen,erledigen,,,verb,finish,B1.1,,1,,
verhandeln,verhandeln,,,verb,negotiate,B1.1,,1,,
einstellen,einstellen,,,verb,employ,B1.1,,1,,
entlassen,entlassen,,,verb,dismiss,B1.1,,1,,
medien,Medien,,,other,Medes,B1.1,,1,,
fernsehen,Fernsehen,das,,noun,television,B1.1,,1,,
rundfunk,Rundfunk,der,,noun,broadcast,B1.1,,1,,
sendung,Sendung,die,Sendungen,noun,broadcasting,B1.1,,1,,
beitrag,Beitrag,der,Beiträge,noun,subscription,B1.1,,1,,
interview,Interview,das,Interviews,noun,interview,B1.1,,1,,
schlagzeile,Schlagzeile,die,Schlagzeilen,noun,headline,B1.1,,1,,
quelle,Quelle,die,Quellen,noun,spring,B1.1,,1,,
datei,Datei,die,Dateien,noun,file,B1.1,,1,,
programm,Programm,das,Programme,noun,cycle,B1.1,,1,,
anwendung,Anwendung,die,Anwendungen,noun,application,B1.1,,1,,
bildschirm,Bildschirm,der,Bildschirme,noun,screen,B1.1,,1,,
tastatur,Tastatur,die,Tastaturen,noun,keyboard,B1.1,,1,,
drucker,Drucker,der,Drucker,noun,printer,B1.1,,1,,
netzwerk,Netzwerk,das,Netzwerke,noun,network,B1.1,,1,,
passwort,Passwort,das,Passwörter,noun,password,B1.1,,1,,
benutzer,Benutzer,der,Benutzer,noun,user,B1.1,,1,,
datenschutz,Datenschutz,der,,noun,data privacy,B1.1,,1,,
herunterladen,herunterladen,,,verb,download,B1.1,,1,,
hochladen,hochladen,,,verb,upload,B1.1,,1,,
speichern,speichern,,,verb,store,B1.1,,1,,
loeschen,löschen,,,verb,extinguish,B1.1,,1,,
installieren,installieren,,,verb,install,B1.1,,1,,
klicken,klicken,,,verb,click,B1.1,,1,,
tippen,tippen,,,verb,tap,B1.1,,1,,
krankheit,Krankheit,die,Krankheiten,noun,illness,B1.1,,1,,
behandlung,Behandlung,die,Behandlungen,noun,treatment,B1.1,,1,,
untersuchung,Untersuchung,die,Untersuchungen,noun,examination,B1.1,,1,,
diagnose,Diagnose,die,Diagnosen,noun,diagnosis,B1.1,,1,,
rezept,Rezept,das,Rezepte,noun,recipe,B1.1,,1,,
operation,Operation,die,Operationen,noun,surgery,B1.1,,1,,
verletzung,Verletzung,die,Verletzungen,noun,injury,B1.1,,1,,
erkaeltung,Erkältung,die,Erkältungen,noun,cold,B1.1,,1,,
grippe,Grippe,die,Grippen,noun,influenza,B1.1,,1,,
allergie,Allergie,die,Allergien,noun,allergy,B1.1,,1,,
ernaehrung,Ernährung,die,Ernährungen,noun,nourishment,B1.1,,1,,
sport,Sport,der,Sporte,noun,sport,B1.1,,1,,
stress,Stress,der,Stresse,noun,stress,B1.1,,1,,
erholung,Erholung,die,,noun,recovery,B1.1,,1,,
schlaf,Schlaf,der,,noun,sleep,B1.1,,1,,
gewicht,Gewicht,das,Gewichte,noun,weight,B1.1,,1,,
behandeln,behandeln,,,verb,treat,B1.1,,1,,
untersuchen,untersuchen,,,verb,investigate,B1.1,,1,,
verschreiben,verschreiben,,,verb,mispell,B1.1,,1,,
heilen,heilen,,,verb,heal,B1.1,,1,,
verletzen,verletzen,,,verb,hurt,B1.1,,1,,
erholen,erholen,,,verb,relax,B1.1,,1,,
abnehmen,abnehmen,,,verb,take off,B1.1,,1,,
zunehmen,zunehmen,,,verb,increase,B1.1,,1,,
leiden,leiden,,,verb,suffer,B1.1,,1,,
klima,Klima,das,Klimas,noun,climate,B1.1,,1,,
klimawandel,Klimawandel,der,Klimawandel,noun,climate change,B1.1,,1,,
verschmutzung,Verschmutzung,die,Verschmutzungen,noun,pollution,B1.1,,1,,
abfall,Abfall,der,Abfälle,noun,rubbish,B1.1,,1,,
recycling,Recycling,das,Recyclings,noun,recycle,B1.1,,1,,
strom,Strom,der,Ströme,noun,current,B1.1,,1,,
heizung,Heizung,die,Heizungen,noun,heating,B1.1,,1,,
rohstoff,Rohstoff,der,Rohstoffe,noun,resource,B1.1,,1,,
landwirtschaft,Landwirtschaft,die,Landwirtschaften,noun,agriculture,B1.1,,1,,
industrie,Industrie,die,Industrien,noun,industry,B1.1,,1,,
wirtschaft,Wirtschaft,die,Wirtschaften,noun,inn,B1.1,,1,,
handel,Handel,der,Händel,noun,business,B1.1,,1,,
bevoelkerung,Bevölkerung,die,Bevölkerungen,noun,population,B1.1,,1,,
stadtteil,Stadtteil,der,Stadtteile,noun,quarter,B1.1,,1,,
landschaft,Landschaft,die,Landschaften,noun,landscape,B1.1,,1,,
kueste,Küste,die,Küsten,noun,coast,B1.1,,1,,
fluss,Fluss,der,Flüsse,noun,river,B1.1,,1,,
wald,Wald,der,Wälder,noun,forest,B1.1,,1,,
wueste,Wüste,die,Wüsten,noun,desert,B1.1,,1,,
schuetzen,schützen,,,verb,protect,B1.1,,1,,
verschmutzen,verschmutzen,,,verb,soil,B1.1,,1,,
verbrauchen,verbrauchen,,,verb,consume,B1.1,,1,,
sinken,sinken,,,verb,sink,B1.1,,1,,
steigen,steigen,,,verb,rise,B1.1,,1,,
freundschaft,Freundschaft,die,Freundschaften,noun,friendship,B1.1,,1,,
partnerschaft,Partnerschaft,die,Partnerschaften,noun,partnership,B1.1,,1,,
ehe,Ehe,die,Ehen,noun,marriage,B1.1,,1,,
trennung,Trennung,die,Trennungen,noun,parting,B1.1,,1,,
scheidung,Scheidung,die,Scheidungen,noun,divorce,B1.1,,1,,
vertrauen,Vertrauen,das,,noun,trust,B1.1,,1,,
respekt,Respekt,der,,noun,respect,B1.1,,1,,
konflikt,Konflikt,der,Konflikte,noun,conflict,B1.1,,1,,
kompromiss,Kompromiss,der,Kompromisse,noun,compromise,B1.1,,1,,
verstaendnis,Verständnis,das,Verständnisse,noun,comprehension,B1.1,,1,,
ruecksicht,Rücksicht,die,Rücksichten,noun,consideration,B1.1,,1,,
unterstuetzung,Unterstützung,die,Unterstützungen,noun,support,B1.1,,0,,
respektieren,respektieren,,,verb,respect,B1.1,,1,,
unterstuetzen,unterstützen,,,verb,support,B1.1,,1,,
heiraten,heiraten,,,verb,marry,B1.1,,1,,
verzichten,verzichten,,,verb,renounce,B1.1,,1,,
ungefaehr,ungefähr,,,adj,approximate,B1.1,,1,,
ausreichend,ausreichend,,,adj,sufficient,B1.1,,1,,
zusaetzlich,zusätzlich,,,adj,additional,B1.1,,1,,
persoenlich,persönlich,,,adj,personal,B1.1,,1,,
oeffentlich,öffentlich,,,adj,public,B1.1,,1,,
allgemein,allgemein,,,adj,common,B1.1,,1,,
besonders,besonders,,,other,especially,B1.1,,1,,
ueblich,üblich,,,adj,usual,B1.1,,1,,
selbstverstaendlich,selbstverständlich,,,adj,natural,B1.1,,1,,
notwendig,notwendig,,,adj,necessary,B1.1,,1,,
nuetzlich,nützlich,,,adj,useful,B1.1,,1,,
schaedlich,schädlich,,,adj,harmful,B1.1,,1,,
harmlos,harmlos,,,adj,harmless,B1.1,,1,,
zuverlaessig,zuverlässig,,,adj,reliable,B1.1,,1,,
verantwortlich,verantwortlich,,,adj,responsible,B1.1,,1,,
erfolgreich,erfolgreich,,,adj,successful,B1.1,,1,,
begabt,begabt,,,adj,gifted,B1.1,,1,,
neugierig,neugierig,,,adj,curious,B1.1,,1,,
vorsichtig,vorsichtig,,,adj,careful,B1.1,,1,,
geduldig,geduldig,,,adj,patient,B1.1,,1,,
ehrlich,ehrlich,,,adj,real,B1.1,,1,,
hoeflich,höflich,,,adj,polite,B1.1,,1,,
eindruck,Eindruck,der,Eindrücke,noun,impression,B1.2,,1,,
wahrnehmung,Wahrnehmung,die,Wahrnehmungen,noun,perception,B1.2,,1,,
bewusstsein,Bewusstsein,das,Bewusstseine,noun,awareness,B1.2,,1,,
erinnerung,Erinnerung,die,Erinnerungen,noun,memory,B1.2,,1,,
fantasie,Fantasie,die,Fantasien,noun,imagination,B1.2,,1,,
kreativitaet,Kreativität,die,,noun,creativity,B1.2,,1,,
begabung,Begabung,die,Begabungen,noun,gift,B1.2,,1,,
charakter,Charakter,der,Charaktere,noun,character,B1.2,,1,,
eigenschaft,Eigenschaft,die,Eigenschaften,noun,characteristic,B1.2,,1,,
verhalten,Verhalten,das,Verhalten,noun,behaviour,B1.2,,1,,
einstellung,Einstellung,die,Einstellungen,noun,attitude,B1.2,,1,,
haltung,Haltung,die,Haltungen,noun,posture,B1.2,,1,,
vorurteil,Vorurteil,das,Vorurteile,noun,prejudice,B1.2,,1,,
missverstaendnis,Missverständnis,das,Missverständnisse,noun,misunderstanding,B1.2,,1,,
verwirrung,Verwirrung,die,Verwirrungen,noun,confusion,B1.2,,1,,
klarheit,Klarheit,die,Klarheiten,noun,clearness,B1.2,,1,,
bedeutung,Bedeutung,die,Bedeutungen,noun,meaning,B1.2,,1,,
wirklichkeit,Wirklichkeit,die,Wirklichkeiten,noun,reality,B1.2,,1,,
wahrheit,Wahrheit,die,Wahrheiten,noun,truth,B1.2,,1,,
luege,Lüge,die,Lügen,noun,lie,B1.2,,1,,
geheimnis,Geheimnis,das,Geheimnisse,noun,secret,B1.2,,1,,
ueberraschung,Überraschung,die,Überraschungen,noun,surprise,B1.2,,1,,
zufall,Zufall,der,Zufälle,noun,chance,B1.2,,1,,
schicksal,Schicksal,das,Schicksale,noun,destiny,B1.2,,1,,
wahrnehmen,wahrnehmen,,,verb,realise,B1.2,,1,,
begreifen,begreifen,,,verb,understand,B1.2,,1,,
verwechseln,verwechseln,,,verb,confuse,B1.2,,1,,
verwirren,verwirren,,,verb,confuse,B1.2,,1,,
klaeren,klären,,,verb,clear,B1.2,,1,,
beurteilen,beurteilen,,,verb,judge,B1.2,,1,,
einschaetzen,einschätzen,,,verb,judge,B1.2,,1,,
beruecksichtigen,berücksichtigen,,,verb,consider,B1.2,,1,,
zusammenfassen,zusammenfassen,,,verb,summarize,B1.2,,1,,
behoerde,Behörde,die,Behörden,noun,authority,B1.2,,1,,
amt,Amt,das,Ämter,noun,office,B1.2,,1,,
antrag,Antrag,der,Anträge,noun,application,B1.2,,1,,
formular,Formular,das,Formulare,noun,form,B1.2,,1,,
genehmigung,Genehmigung,die,Genehmigungen,noun,approval,B1.2,,1,,
bescheinigung,Bescheinigung,die,Bescheinigungen,noun,certificate,B1.2,,1,,
anmeldung,Anmeldung,die,Anmeldungen,noun,registration,B1.2,,1,,
frist,Frist,die,Fristen,noun,period,B1.2,,1,,
gebuehr,Gebühr,die,Gebühren,noun,fee,B1.2,,1,,
beschwerde,Beschwerde,die,Beschwerden,noun,complaint,B1.2,,1,,
stempel,Stempel,der,Stempel,noun,rubber stamp,B1.2,,1,,
beamter,Beamter,,,other,civil servant,B1.2,,1,,
buerger,Bürger,der,Bürger,noun,inhabitant,B1.2,,1,,
staat,Staat,der,Staaten,noun,state,B1.2,,1,,
verwaltung,Verwaltung,die,Verwaltungen,noun,administration,B1.2,,1,,
gericht,Gericht,das,Gerichte,noun,court,B1.2,,1,,
anwalt,Anwalt,der,Anwälte,noun,advocate,B1.2,,1,,
urteil,Urteil,das,Urteile,noun,verdict,B1.2,,1,,
strafe,Strafe,die,Strafen,noun,penalty,B1.2,,1,,
vorschrift,Vorschrift,die,Vorschriften,noun,rule,B1.2,,1,,
verbot,Verbot,das,Verbote,noun,prohibition,B1.2,,1,,
erlaubnis,Erlaubnis,die,Erlaubnisse,noun,allowance,B1.2,,1,,
beantragen,beantragen,,,verb,apply for,B1.2,,1,,
genehmigen,genehmigen,,,verb,permit,B1.2,,1,,
bestaetigen,bestätigen,,,verb,confirm,B1.2,,1,,
verlaengern,verlängern,,,verb,lengthen,B1.2,,1,,
anmelden,anmelden,,,verb,announce,B1.2,,1,,
abmelden,abmelden,,,verb,give notice of,B1.2,,1,,
beschweren,beschweren,,,verb,weight down,B1.2,,1,,
verpflichten,verpflichten,,,verb,oblige,B1.2,,1,,
verbieten,verbieten,,,verb,forbid,B1.2,,1,,
einkommen,Einkommen,das,Einkommen,noun,income,B1.2,,1,,
ausgabe,Ausgabe,die,Ausgaben,noun,issue,B1.2,,1,,
gewinn,Gewinn,der,Gewinne,noun,profit,B1.2,,1,,
verlust,Verlust,der,Verluste,noun,loss,B1.2,,1,,
investition,Investition,die,Investitionen,noun,investment,B1.2,,1,,
schulden,Schulden,,Schulden,noun,debt,B1.2,,1,,
ersparnis,Ersparnis,die,Ersparnisse,noun,saving,B1.2,,1,,
rente,Rente,die,Renten,noun,pension,B1.2,,1,,
sozialleistung,Sozialleistung,die,Sozialleistungen,noun,social security,B1.2,,1,,
arbeitsmarkt,Arbeitsmarkt,der,Arbeitsmärkte,noun,job market,B1.2,,1,,
nachfrage,Nachfrage,die,Nachfragen,noun,demand,B1.2,,1,,
inflation,Inflation,die,Inflationen,noun,inflation,B1.2,,1,,
qualitaet,Qualität,die,Qualitäten,noun,quality,B1.2,,1,,
menge,Menge,die,Mengen,noun,quantity,B1.2,,1,,
anteil,Anteil,der,Anteile,noun,share,B1.2,,1,,
durchschnitt,Durchschnitt,der,Durchschnitte,noun,average,B1.2,,1,,
statistik,Statistik,die,Statistiken,noun,statistics,B1.2,,1,,
umfrage,Umfrage,die,Umfragen,noun,poll,B1.2,,1,,
tendenz,Tendenz,die,Tendenzen,noun,tendency,B1.2,,1,,
wachstum,Wachstum,das,,noun,growth,B1.2,,1,,
rueckgang,Rückgang,der,Rückgänge,noun,fall,B1.2,,1,,
finanzieren,finanzieren,,,verb,finance,B1.2,,1,,
investieren,investieren,,,verb,invest,B1.2,,1,,
konsumieren,konsumieren,,,verb,consume,B1.2,,1,,
produzieren,produzieren,,,verb,produce,B1.2,,1,,
liefern,liefern,,,verb,deliver,B1.2,,1,,
reklamieren,reklamieren,,,verb,complain,B1.2,,1,,
bildung,Bildung,die,Bildungen,noun,formation,B1.2,,1,,
wissenschaft,Wissenschaft,die,Wissenschaften,noun,academic discipline,B1.2,,1,,
forschung,Forschung,die,Forschungen,noun,research,B1.2,,1,,
erkenntnis,Erkenntnis,die,Erkenntnisse,noun,insight,B1.2,,1,,
theorie,Theorie,die,Theorien,noun,theory,B1.2,,1,,
methode,Methode,die,Methoden,noun,method,B1.2,,1,,
fachbereich,Fachbereich,der,Fachbereiche,noun,special field,B1.2,,1,,
vortrag,Vortrag,der,Vorträge,noun,talk,B1.2,,1,,
diskussion,Diskussion,die,Diskussionen,noun,discussion,B1.2,,1,,
debatte,Debatte,die,Debatten,noun,debate,B1.2,,1,,
literatur,Literatur,die,Literaturen,noun,literature,B1.2,,1,,
dichter,Dichter,der,Dichter,noun,poet,B1.2,,1,,
kunst,Kunst,die,Künste,noun,art,B1.2,,1,,
musik,Musik,die,Musiken,noun,music,B1.2,,1,,
konzert,Konzert,das,Konzerte,noun,concert,B1.2,,1,,
ausstellung,Ausstellung,die,Ausstellungen,noun,exhibition,B1.2,,1,,
theater,Theater,das,Theater,noun,theatre,B1.2,,1,,
publikum,Publikum,das,Publika,noun,public,B1.2,,1,,
tradition,Tradition,die,Traditionen,noun,tradition,B1.2,,1,,
brauch,Brauch,der,Bräuche,noun,custom,B1.2,,1,,
feiertag,Feiertag,der,Feiertage,noun,holiday,B1.2,,1,,
herkunft,Herkunft,die,Herkünfte,noun,origin,B1.2,,1,,
heimat,Heimat,die,Heimaten,noun,home,B1.2,,1,,
integration,Integration,die,Integrationen,noun,integration,B1.2,,1,,
migration,Migration,die,Migrationen,noun,migration,B1.2,,1,,
dialekt,Dialekt,der,Dialekte,noun,dialect,B1.2,,1,,
uebersetzung,Übersetzung,die,Übersetzungen,noun,translation,B1.2,,1,,
forschen,forschen,,,verb,research,B1.2,,1,,
veroeffentlichen,veröffentlichen,,,verb,publish,B1.2,,1,,
uebersetzen,übersetzen,,,verb,translate,B1.2,,1,,
verlauf,Verlauf,der,Verläufe,noun,course,B1.2,,1,,
fortschritt,Fortschritt,der,Fortschritte,noun,progress,B1.2,,1,,
veraenderung,Veränderung,die,Veränderungen,noun,changing,B1.2,,1,,
wandel,Wandel,der,Wandel,noun,change,B1.2,,1,,
phase,Phase,die,Phasen,noun,phase,B1.2,,1,,
zeitraum,Zeitraum,der,Zeiträume,noun,period,B1.2,,1,,
verzoegerung,Verzögerung,die,Verzögerungen,noun,delay,B1.2,,1,,
beschleunigung,Beschleunigung,die,Beschleunigungen,noun,acceleration,B1.2,,1,,
wiederholung,Wiederholung,die,Wiederholungen,noun,iteration,B1.2,,1,,
unterbrechung,Unterbrechung,die,Unterbrechungen,noun,interruption,B1.2,,1,,
abschluss,Abschluss,der,Abschlüsse,noun,shutting up,B1.2,,1,,
allmaehlich,allmählich,,,adj,gradual,B1.2,,1,,
zunehmend,zunehmend,,,adj,increasing,B1.2,,1,,
voruebergehend,vorübergehend,,,adj,temporary,B1.2,,1,,
dauerhaft,dauerhaft,,,adj,lasting,B1.2,,1,,
gleichzeitig,gleichzeitig,,,adj,at the same time,B1.2,,1,,
inzwischen,inzwischen,,,other,meantime,B1.2,,1,,
mittlerweile,mittlerweile,,,other,meanwhile,B1.2,,1,,
letztlich,letztlich,,,other,in the end,B1.2,,1,,
vorher,vorher,,,other,before,B1.2,,1,,
nachher,nachher,,,other,later,B1.2,,1,,
seitdem,seitdem,,,other,since,B1.2,,1,,
solange,solange,,,other,as long as,B1.2,,1,,
sobald,sobald,,,other,as soon as,B1.2,,1,,
waehrend,während,,,prep,during,B1.2,,1,,
bevor,bevor,,,other,before,B1.2,,1,,
nachdem,nachdem,,,other,after,B1.2,,1,,
obwohl,obwohl,,,other,albeit,B1.2,,1,,
trotzdem,trotzdem,,,other,all the same,B1.2,,1,,
dennoch,dennoch,,,other,anyhow,B1.2,,1,,
ausserdem,außerdem,,,other,also,B1.2,,1,,
jedoch,jedoch,,,other,however,B1.2,,1,,
allerdings,allerdings,,,other,however,B1.2,,1,,
deshalb,deshalb,,,other,hence,B1.2,,1,,
deswegen,deswegen,,,other,hence,B1.2,,1,,
folglich,folglich,,,other,consequently,B1.2,,1,,
beziehungsweise,beziehungsweise,,,conj,rather,B1.2,,1,,
einerseits,einerseits,,,other,on the one hand,B1.2,,1,,
andererseits,andererseits,,,other,on the other hand,B1.2,,1,,
angemessen,angemessen,,,adj,adequate,B1.2,,1,,
ausgezeichnet,ausgezeichnet,,,adj,decorated,B1.2,,1,,
hervorragend,hervorragend,,,adj,outstanding,B1.2,,1,,
mangelhaft,mangelhaft,,,adj,insufficient,B1.2,,1,,
umfangreich,umfangreich,,,adj,extensive,B1.2,,1,,
begrenzt,begrenzt,,,adj,limited,B1.2,,1,,
erheblich,erheblich,,,adj,considerable,B1.2,,1,,
gering,gering,,,adj,low,B1.2,,1,,
enorm,enorm,,,adj,enormous,B1.2,,1,,
wesentlich,wesentlich,,,adj,essential,B1.2,,1,,
ueberfluessig,überflüssig,,,adj,superfluous,B1.2,,1,,
verfuegbar,verfügbar,,,adj,available,B1.2,,1,,
zugaenglich,zugänglich,,,adj,accessible,B1.2,,1,,
wahrscheinlich,wahrscheinlich,,,adj,likely,B1.2,,1,,
unwahrscheinlich,unwahrscheinlich,,,adj,unlikely,B1.2,,1,,
offensichtlich,offensichtlich,,,adj,apparent,B1.2,,1,,
umstritten,umstritten,,,adj,controversial,B1.2,,1,,
komplex,komplex,,,adj,complex,B1.2,,1,,
kompliziert,kompliziert,,,adj,complicated,B1.2,,1,,
eindeutig,eindeutig,,,adj,unequivocal,B1.2,,1,,
mehrdeutig,mehrdeutig,,,adj,ambiguous,B1.2,,1,,
vorlaeufig,vorläufig,,,adj,preliminary,B1.2,,1,,
endgueltig,endgültig,,,adj,final,B1.2,,1,,
freiwillig,freiwillig,,,adj,unsolicited,B1.2,,1,,